TIME,16850C,16850P,16900C,16900P,16950C,16950P,17000C,17000P,17050C,17050P,17100C,17100P,17150C,17150P,17200C,17200P,17250C,17250P,17300C,17300P,17350C,17350P,17400C,17400P,17450C,17450P,17500C,17500P,17550C,17550P,17600C,17600P,17650C,17650P,17700C,17700P,17750C,17750P,17800C,17800P
09:23,-11,518,-45,2360,-21,1890,-1401,215,-257,-400,-613,841,-951,1878,236,3421,171,3514,10796,11333,4838,10894,39586,40116,13951,5276,17120,5414,6647,-174,-2053,747,7164,646,7392,192,1437,4,2539,30
09:24,-11,518,-45,2360,-21,1890,-1401,215,-257,-400,-613,841,-951,1878,236,3421,171,3514,10796,11333,4838,10894,39586,40116,13951,5276,17120,5414,6647,-174,-2053,747,7164,646,7392,192,1437,4,2539,30
09:25,-11,518,-45,2360,-21,1890,-1401,215,-257,-400,-613,841,-951,1878,236,3421,171,3514,10796,11333,4838,10894,39586,40116,13951,5276,17120,5414,6647,-174,-2053,747,7164,646,7392,192,1437,4,2539,30
09:26,-42,6254,-25,2605,-1378,683,-272,-1660,-654,2639,-898,3114,920,5012,764,8208,14295,13074,8944,16903,52209,44864,17976,6165,26796,6498,6852,163,-3980,772,12230,641,8698,79,3893,14,4963,50,3799,201
09:28,-42,6254,-25,2605,-1378,683,-328,-1660,-654,2639,-898,3114,1278,5012,764,8208,14295,13074,8944,16903,52209,44864,17976,6165,26796,6498,6852,163,-3980,772,12230,641,8698,79,3893,14,6131,50,3799,201
09:28,-9,175,-42,6254,-25,2605,-1294,2963,-328,-604,-833,2743,-948,3917,1278,6042,178,8208,15929,13074,10993,16903,60658,44864,20743,6165,29876,6498,7425,255,-1527,749,15699,641,9074,79,4566,14,6131,50
09:30,-8,-875,-50,8186,-40,5124,-1294,2963,-328,-604,-833,2743,-948,3917,1278,6042,178,9781,15929,17023,10993,20504,60658,49100,20743,7233,29876,7958,7425,255,-1527,749,15699,660,9074,171,4566,5,6131,60
09:31,-8,-875,-50,8186,-40,5124,-1294,2963,-328,-604,-833,2743,-948,3917,1278,6042,178,9781,15929,17023,10993,20504,60658,49100,20743,7233,29876,7958,7425,255,-1527,749,15699,660,9074,171,4566,5,6131,60
09:32,-3,-875,-50,8186,-40,7131,-1109,2563,-401,18,-833,3578,-990,4547,2221,6326,1464,10572,21008,14347,10993,21503,60658,48619,20743,7873,36531,7958,10330,441,-1527,986,17519,606,11510,12,4566,5,8931,75
09:33,-3,-867,-55,8581,-53,7131,-1109,2563,-401,18,-794,3578,-990,4547,2221,6326,1464,10572,21008,14347,16312,21503,73930,48619,24280,7873,36531,7376,10330,441,345,986,17519,606,11510,12,7975,-20,8931,75
09:34,-3,-867,-55,8581,-53,7131,-1000,2563,-401,18,-607,3578,-739,4547,3529,6326,1812,10572,26523,14347,21375,21503,80228,48619,37522,7873,44790,7376,10181,441,4166,986,19584,606,12673,12,11632,-20,17848,75
09:35,-3,-867,-55,8581,-53,7131,-1000,2563,-401,18,-607,3578,-739,4547,3529,6326,1812,10572,26523,14347,21375,21503,80228,48619,37522,7873,44790,7376,10181,441,4166,986,19584,606,12673,12,11632,-20,17848,75
09:36,-3,-867,-55,8581,-53,7131,-1000,2563,-401,18,-607,3578,-739,4547,3529,6326,1812,10572,26523,14347,21375,21503,80228,48619,37522,7873,44790,7376,10181,441,4166,986,19584,606,12673,12,11632,-20,17848,75
09:37,-1,-1112,-62,9520,-73,8838,-1000,2664,-529,695,-662,4919,-739,3201,3529,6652,1812,10835,28182,12611,23570,23466,83661,48419,41208,8450,47592,7754,10181,215,5314,1114,21505,524,12673,5,11632,-20,17848,12
09:38,-1,-1112,-62,9520,-73,8838,-1000,2664,-529,695,-662,4919,-739,3201,3529,6652,1812,10835,28182,12611,23570,23466,83661,48419,41208,8450,47592,7754,10181,215,5314,1114,21505,524,12673,5,11632,-20,17848,12
09:39,-1,-1621,-62,10738,-73,10985,-1000,4077,-529,695,-662,6981,-572,3201,3847,7926,2003,11646,28182,13541,23570,26064,83661,51319,41208,9340,47592,7754,10809,514,5314,1114,21505,481,14897,29,12007,-31,24538,12
09:40,0,-1621,-62,10738,-74,10985,-1000,4077,-529,695,-662,6981,-572,3201,3847,7926,2003,11646,28182,13541,23570,26064,86820,51319,41208,9340,47592,7754,10809,514,5314,1114,21505,481,14897,29,12007,-31,24538,12
09:41,0,-1621,-62,10738,-74,10985,-1000,4077,-529,695,-662,6981,-572,3201,3847,7926,2003,11646,28182,13541,23570,26064,86820,51319,41208,9340,47592,7754,10809,514,5314,1114,21505,481,14897,29,12007,-31,24538,12
09:42,-1,-2782,-68,11826,-74,12470,-1085,4559,-531,1277,-199,6820,-572,3493,3899,9596,2748,12296,30040,13563,26448,28028,86820,49615,44288,10205,51550,7339,11030,1067,5828,1338,23385,395,16821,5,15160,-39,31755,72
09:43,-1,-2782,-68,11826,-74,12470,-1085,4656,-531,1277,-199,5608,-647,3493,3899,11177,2748,11497,30040,12459,26448,29046,86820,48424,44288,10205,51550,7339,11030,1067,5828,1338,23385,395,19567,5,15160,-39,31755,72
09:44,-1,-3474,-74,12620,-90,13758,-1081,4656,-568,983,-106,5608,-647,3568,5020,11177,2463,11497,32203,12459,27836,29046,88165,48424,49782,11560,54064,7036,10912,1271,6229,1008,22570,288,19567,-36,15723,-39,36014,31
09:45,5,-3474,-74,12620,-90,13758,-1081,4656,-568,983,-106,5608,-647,3568,5020,11177,2463,11497,32203,12459,27836,29046,88165,48424,49782,11560,54064,7036,10912,1271,6229,1008,22570,288,19567,-36,15723,-28,36014,31
09:46,5,-3474,-74,12620,-90,13758,-1081,4656,-568,983,-106,5608,-647,3568,5020,11177,2463,11497,32203,12459,27836,29046,88165,48424,49782,11560,54064,7036,10912,1271,6229,1008,22570,288,19567,-36,15723,-28,36014,31
09:47,5,-3474,-74,12620,-90,13758,-1081,4656,-568,983,-106,5608,-647,3568,5020,11177,2463,11497,32203,12459,27836,29046,88165,48424,49782,11560,54064,7036,10912,1271,6229,1008,22570,288,19567,-36,15723,-28,36014,31
09:48,-74,12650,-91,14205,-1052,6898,-562,1514,-370,5781,-645,4931,6075,13552,2166,13449,34416,16997,28805,29552,91382,49788,50762,12019,53118,7467,11503,1276,8763,1108,22094,323,20059,-64,16877,60,39980,151,8453,175
09:49,-74,11892,-87,14295,-1116,6808,-608,3194,-507,7058,-998,4502,5009,13913,2667,14875,30274,17630,25455,31339,85384,56437,49397,12643,50437,8220,10977,1297,8590,1024,20082,281,24076,7,16562,34,38982,146,8469,175
09:50,-74,11892,-87,14295,-1116,6808,-608,3194,-507,7058,-998,4502,5009,13913,2667,14875,30274,17630,25455,31339,85384,56437,49397,12643,50437,8220,10977,1297,8590,1024,20082,281,24076,7,16562,34,38982,146,8469,175
09:51,-74,11892,-87,14295,-1116,6808,-608,3194,-507,7058,-998,4502,5009,13913,2667,14875,30274,17630,25455,31339,85384,56437,49397,12643,50437,8220,10977,1297,8590,1024,20082,281,24076,7,16562,34,38982,146,8469,175
09:52,-74,11892,-87,14295,-1116,6808,-608,3194,-507,7058,-998,4502,5009,13913,2667,14875,30274,17630,25455,31339,85384,56437,49397,12643,50437,8220,10977,1297,8590,1024,20082,281,24076,7,16562,34,38982,146,8469,170
09:54,-75,11935,-90,15089,-1179,6694,-623,3120,-545,8988,-1038,4602,4178,15613,2737,16469,30129,20094,25716,33097,84210,58376,49066,13639,50029,9688,11502,1297,7170,996,20172,226,24595,68,16044,39,39094,148,8363,168
09:54,24,-2336,-75,11935,-90,15089,-1179,6694,-623,3120,-545,8988,-1038,4602,4178,15613,2737,16469,30129,20094,25716,33097,84210,58376,49066,13639,50029,9688,11502,1295,7170,996,20172,226,24595,68,16044,39,39094,148
09:56,24,-2074,-61,12248,-91,14833,-1132,7808,-624,3544,-496,10219,-1066,4891,4534,16345,2745,17264,29850,22420,27287,33172,84977,59858,49279,13832,50579,10170,12140,1589,7420,1072,20659,213,25092,70,15823,44,39498,153
09:56,24,-2074,-61,12248,-91,14833,-1132,7808,-624,3544,-496,10219,-1066,4891,4534,16345,2745,17264,29850,22420,27287,33172,84977,59858,49279,13832,50579,10170,12140,1589,7420,1072,20659,213,25092,70,15823,44,39498,153
09:58,24,-2074,-61,12248,-91,14833,-1132,7808,-624,3544,-496,10219,-1066,4891,4534,16345,2745,17264,29850,22420,27287,33172,84977,59858,49279,13832,50579,10170,12140,1589,7420,1072,20659,213,25092,70,15823,44,39498,153
09:59,29,-2074,-61,12248,-91,14833,-1132,7808,-624,3544,-496,10219,-1066,4891,4534,16345,2745,17264,29850,22420,27287,33172,84977,59858,49279,13832,50579,10170,12140,1589,7420,1072,20659,213,25092,70,15823,44,39498,153
10:00,31,-1857,-62,11840,-95,14854,-1100,8147,-627,3875,-406,11200,-1074,4756,2089,16438,2518,17585,29154,23063,27168,33389,82203,59968,48921,14189,52556,10574,11401,1502,7362,946,20300,229,25990,16,16469,44,40099,150
10:01,31,-1857,-62,11840,-95,14854,-1100,8147,-627,3875,-406,11200,-1074,4756,2089,16438,2518,17585,29154,23063,27168,33389,82203,59968,48921,14189,52556,10574,11401,1502,7362,946,20300,229,25990,16,16469,44,40099,150
10:02,31,-1857,-62,11840,-95,14854,-1100,8147,-627,3875,-406,11200,-1074,4756,2089,16438,2518,17585,29154,23063,27168,33389,82203,59968,48921,14189,52556,10574,11401,1502,7362,946,20300,229,25990,16,16469,44,40099,150
10:03,31,-1857,-62,11840,-95,14854,-1100,8147,-627,3875,-406,11200,-1074,4756,2089,16438,2518,17585,29154,23063,27168,33389,82203,59968,48921,14189,52556,10574,11401,1502,7362,946,20300,229,25990,16,16469,44,40099,150
10:04,30,-1616,-62,12257,-95,15196,-1174,8765,-620,3820,905,11782,-1110,5246,1497,17596,2721,17508,27406,23340,27614,34501,84287,60902,49050,14014,53522,10445,12091,1609,8623,887,21261,221,26797,11,16309,44,40130,162
10:05,30,-1923,-62,13481,-95,15532,-1076,8250,-620,3820,905,13909,-1110,5246,1202,17875,2721,18378,27406,24568,27614,35585,84287,62501,49050,14014,53522,10445,12091,1589,8623,923,21384,178,28291,-20,16557,44,40130,188
10:06,30,-1923,-66,13481,-95,15532,-1076,8250,-621,3893,85,13909,-1171,5457,1202,17875,2661,18378,27576,24568,29148,35585,88197,62501,50053,14690,57117,11230,12935,1589,8904,923,21384,178,28291,-20,16557,49,40469,188
10:07,30,-1923,-66,13481,-99,15532,-1076,8250,-621,3893,85,13909,-1171,5457,1202,17875,2661,18378,27576,24568,29148,35585,88197,62501,50053,14690,57117,11230,12935,1589,8904,923,21384,178,28291,-20,16557,49,40469,188
10:08,30,-1923,-66,13481,-99,15532,-1076,8250,-621,3893,85,13909,-1171,5457,1202,17875,2661,18378,27576,24568,29148,35585,88197,62501,50053,14690,57117,11230,12935,1589,8904,923,21384,178,28291,-20,16557,49,40469,188
10:09,30,-1978,-68,14411,-101,15375,-1062,8303,-627,4084,134,15347,-1150,5711,1264,18209,2671,18310,27253,24613,30157,35351,88368,64424,50633,15597,58199,11770,12408,1646,9919,1048,21795,152,29384,-23,16658,53,40940,206
10:10,30,-1978,-68,14411,-101,15375,-1062,8303,-627,4084,134,15347,-1150,5711,1264,18209,2671,18310,27253,24613,30157,35351,88368,64424,50633,15597,58199,11770,12408,1646,9919,1048,21795,152,29384,-23,16658,53,40940,206
10:11,30,-1978,-68,14411,-101,15375,-1095,8303,-627,4084,134,15347,-1144,5711,1036,18209,2671,18310,27253,24613,30157,35351,88368,64424,50633,15597,58199,11770,12408,1646,9919,1048,21795,152,29384,-23,16658,53,40940,206
10:12,30,-1803,-68,14606,-104,15312,-1095,8749,-604,4672,165,15782,-1144,5793,1036,18444,2725,18454,26631,23316,31090,35702,90648,65585,50705,15139,57925,12259,12418,1788,10620,925,21885,120,29570,-47,16586,52,41379,206
10:13,30,-1803,-68,14606,-104,15312,-1095,8749,-604,4672,165,15782,-1144,5793,1036,18444,2725,18454,26631,23316,31090,35702,90648,65585,50705,15139,57925,12259,12418,1788,10620,925,21885,120,29570,-47,16586,52,41379,206
10:14,25,-1342,-68,14998,-104,15312,-1095,9680,-610,4974,165,17562,-1144,5622,1036,19423,2725,18456,26631,25506,31090,36422,90648,68265,50705,15139,57925,12259,12418,1788,10620,979,22222,138,29570,-41,17544,52,41379,207
10:15,25,-1342,-68,14998,-104,15276,-1095,9680,-610,4974,165,17562,-1144,5622,1036,19423,2789,18456,26631,25506,31090,36422,90648,68265,50705,15139,57925,12259,12418,1788,10620,979,22222,138,29570,-41,17544,52,41379,207
10:16,25,-1342,-83,14998,-106,15276,-1101,9680,-610,4974,158,17562,-1117,5622,912,19423,2789,18456,25604,25506,30291,36422,91480,68265,50495,14980,58081,13232,11907,1963,10881,979,22222,138,30625,-41,17544,52,41807,207
10:17,25,-1733,-83,15116,-107,15269,-1125,9338,-613,5323,129,17915,-1116,5702,961,19922,2746,18323,24381,24917,30159,36368,91438,69612,50587,14732,57844,13929,12229,2271,11462,1014,22453,160,31041,-25,17655,52,41443,205
10:18,25,-1733,-83,15116,-107,15269,-1125,9338,-613,5323,129,17915,-1116,5702,961,19922,2746,18323,24381,24917,30159,36368,91438,69612,50587,14732,57844,13929,12229,2271,11462,1014,22453,160,31041,-25,17655,52,41443,205
10:19,22,-1733,-83,15116,-107,15269,-1125,9338,-613,5323,129,17915,-1116,5702,961,19922,2746,18323,24381,24917,30159,36368,91438,69612,50587,14732,57844,13929,12229,2271,11462,1014,22453,160,31041,-25,17655,52,41443,205
10:20,22,-1733,-85,15116,-119,15269,-1125,9338,-606,5323,172,17915,-1116,5702,961,19922,2746,18323,24381,24917,30159,36368,91438,69612,50587,14732,57844,13929,12229,2271,11462,1175,22136,160,31041,-25,17655,49,41443,205
10:21,20,-1922,-85,15688,-119,15174,-1204,9166,-606,4746,172,17821,-1179,5805,688,19835,2532,17976,21578,23631,29457,36735,91797,70599,50757,14851,57572,13360,11635,2148,10689,1175,22136,172,32366,-23,17463,49,39561,207
10:22,20,-1922,-85,15688,-119,15174,-1204,9166,-606,4746,172,17821,-1179,5805,688,19835,2532,17976,21578,23631,29457,36735,91797,70599,50757,14851,57572,13360,11635,2148,10689,1175,22136,172,32366,-23,17463,49,39561,207
10:23,20,-1887,-80,15552,-120,15473,-1217,9366,-599,4820,1615,17733,-1168,6289,921,20095,2303,18183,20802,24869,30848,37274,94323,72056,51367,15662,58634,13733,11904,2224,11288,1259,22973,163,32752,-4,17464,34,39045,216
10:24,20,-1887,-80,15552,-120,15473,-1217,9366,-599,4820,1615,17733,-1168,6289,921,20095,2303,18183,20802,24869,30848,37274,94323,72056,51367,15662,58634,13733,11904,2224,11288,1259,22973,163,32752,-4,17464,34,39045,216
10:25,-80,15552,-120,15473,-1217,9366,-599,4820,1615,17733,-1168,6289,921,20095,2303,18183,20802,24869,30848,37274,94323,72056,51367,15662,58634,13733,11904,2224,11288,1259,22973,163,32752,-4,17464,34,39045,216,9725,131
10:26,-80,16921,-120,15007,-1217,9366,-608,4820,1615,17733,-1168,6289,921,20095,2560,18183,20802,24869,30848,37274,94323,72056,51367,15662,58634,13733,11182,2113,11288,1259,22973,163,32752,-4,17476,34,39045,216,9725,131
10:27,19,-1550,-90,16921,-123,15007,-1200,9119,-608,4812,556,18021,-1106,6652,103,20257,2560,17654,19653,24735,28084,38250,92647,73373,51319,15635,58287,13666,11182,2113,10035,1295,23211,155,33874,31,17476,34,38545,217
10:28,19,-1550,-90,16921,-123,15007,-1200,9119,-608,4812,556,18021,-1106,6652,103,20257,2560,17654,19653,24735,28084,38250,92647,73373,51319,15635,58287,13666,11182,2113,10035,1295,23211,155,33874,31,17476,34,38545,217
10:29,19,-2338,-92,17286,-126,14910,-1181,9672,-605,4985,542,17936,-1143,6417,93,20756,2286,18183,21469,24932,27241,38750,93228,74903,51233,15888,59461,14144,11443,2142,10886,1201,24130,132,34021,49,17772,34,41201,196
10:30,19,-2338,-92,17286,-126,14910,-1181,9672,-605,4985,542,17936,-1143,6417,93,20756,2286,18183,21469,24932,27241,38750,93228,74903,51233,15888,59461,14144,11443,2142,10886,1201,24130,132,34021,49,17772,34,41201,196
10:31,19,-2338,-92,17286,-126,14910,-1181,9672,-605,4985,542,17936,-1143,6417,93,20756,2286,18183,21469,24932,27241,38750,93228,74903,51233,15888,59461,14144,11443,2142,10886,1201,24130,132,34021,49,17772,34,41201,196
10:32,18,-2338,-92,17286,-126,14910,-1181,9672,-605,4985,542,17936,-1143,6417,93,20756,2286,18183,21469,24932,27241,38750,93228,74903,51233,15888,59461,14144,11443,2142,10886,1201,24130,132,34021,49,17772,34,41201,196
10:34,18,-2390,-95,17292,-130,14654,-1196,10478,-610,4850,620,18067,-1176,6496,172,20766,2284,18266,20876,23879,28354,38111,93789,74817,53716,15832,59970,13861,10538,2155,10793,1198,24590,130,34099,135,17871,26,41208,194
10:34,18,-2746,-95,18391,-130,14641,-1195,11036,-607,4293,508,17813,-1224,6788,354,21247,2290,18460,17991,23632,29249,37561,93588,74995,53777,15618,61323,13933,10400,2265,10920,1449,25382,141,34528,62,17621,36,43567,193
10:35,18,-2746,-95,18391,-130,14641,-1195,11036,-607,4293,508,17813,-1224,6788,354,21247,2290,18460,17991,23632,29249,37561,93588,74995,53777,15618,61323,13933,10400,2265,10920,1449,25382,141,34528,62,17621,36,43567,193
10:37,18,-2746,-95,18391,-130,14641,-1195,11036,-607,4293,508,17813,-1224,6788,354,21247,2290,18460,17991,23632,29249,37561,93588,74995,53777,15618,61323,13933,10400,2265,10920,1449,25382,141,34528,62,17621,36,43567,193
10:37,16,-2854,-95,19171,-131,14214,-1177,10912,-607,3791,1549,18228,-1236,6700,1041,22141,2510,18540,16665,23527,30853,37060,94544,74877,54195,15775,64831,14285,9896,2226,9843,1593,27129,141,35133,142,17942,36,47174,193
10:39,16,-2854,-95,19171,-131,14214,-1177,10912,-602,3791,1549,18228,-1236,6700,1041,22141,2510,18540,16665,23527,30853,37060,94544,74877,54195,15775,64831,14285,9896,2226,9843,1593,27129,162,35133,142,17942,36,47174,193
10:40,16,-2854,-95,19171,-131,14214,-1177,10912,-602,3791,1549,18228,-1236,6700,1041,22141,2510,18540,16665,23527,30853,37060,94544,74877,54195,15775,64831,14285,9896,2226,9843,1593,27129,162,35133,142,17942,36,47174,193
10:41,16,-2854,-95,19171,-131,14214,-1177,10912,-602,3791,1549,18228,-1236,6700,1041,22141,2510,18540,16665,23527,30853,37060,94544,74877,54195,15775,64831,14285,9896,2226,9843,1593,27129,162,35133,142,17942,36,47174,193
10:42,14,-2807,-104,17995,-142,14002,-1096,11308,-600,3350,1225,17983,-1242,5804,849,22064,2516,17729,17334,24983,33443,36523,95560,73939,55128,15992,66005,13908,10253,2151,10310,1546,28104,155,36272,185,17635,36,48064,192
10:43,15,-2807,-104,17995,-142,14002,-1096,11308,-600,3350,1225,17983,-1242,5804,849,22064,2516,17729,17334,24983,33443,36523,95560,73939,55128,15992,66005,13908,10253,2151,10310,1546,28104,155,36272,185,17635,36,48064,192
10:44,15,-2807,-104,17995,-142,14002,-1096,11308,-600,3350,1225,17983,-1242,5804,849,22064,2516,17729,17334,24983,33443,36523,95560,73939,55128,15992,66005,13908,10253,2151,10310,1546,28104,155,36272,185,17635,36,48064,192
10:45,15,-2600,-102,18674,-141,13339,-1349,10884,-595,3102,401,17602,-1181,5313,977,20716,2677,16280,19679,23289,33383,35334,94727,70661,55843,15481,66734,12698,10034,1956,10827,1581,29932,144,35900,142,17012,35,47421,194
10:46,15,-2600,-102,18674,-141,13339,-1349,10884,-595,3102,401,17602,-1181,5313,977,20716,2677,16280,19679,23289,33383,35334,94727,70661,55843,15481,66734,12698,10034,1956,10827,1581,29932,144,35900,142,17012,35,47421,194
10:47,15,-2600,-102,18674,-141,13339,-1349,10884,-595,3102,401,17602,-1181,5313,977,20716,2677,16280,19679,23289,33383,35334,94727,70661,55843,15481,66734,12698,10034,1956,10827,1581,29932,144,35900,142,17012,35,47421,194
10:48,14,-2445,-102,18937,-143,13584,-1482,11514,-591,3201,305,17713,-1201,4847,1381,19437,3184,15795,20695,23102,37939,33027,94124,68100,59378,14322,67566,10923,10027,1916,10927,1363,30374,118,38161,92,16808,30,48514,192
10:49,14,-2445,-102,18937,-143,13584,-1482,11514,-591,3201,305,17713,-1201,4847,1381,19437,3184,15795,20695,23102,37939,33027,94124,68100,59378,14322,67566,10923,10027,1916,10927,1363,30374,118,38161,92,16808,30,48514,192
10:50,14,-2445,-102,18937,-143,13584,-1482,11514,-591,3201,305,17713,-1201,4847,1381,19437,3184,15795,20695,23102,37939,33027,94124,68100,59378,14322,67566,10923,10027,1916,10927,1363,30374,118,38161,92,16808,30,48514,192
10:51,13,-2295,-104,19233,-141,13597,-1516,11943,-596,3159,117,18008,-1158,4897,1756,19993,3373,15338,23580,27144,42639,32428,97616,63665,61606,14174,69059,11116,10105,1957,11781,1325,31246,150,42668,67,17281,48,48222,197
10:52,13,-2295,-104,19233,-141,13597,-1516,11943,-596,3159,117,18008,-1158,4897,1756,19993,3373,15338,23580,27144,42639,32428,97616,63665,61606,14174,69059,11116,10105,1957,11781,1325,31246,150,42668,67,17281,48,48222,197
10:53,13,-2668,-100,19556,-141,13463,-1530,13065,-583,3150,-83,17799,-1196,5451,2116,22053,3432,16117,24711,27218,42448,32684,98126,64528,62248,14330,70617,11098,10258,1997,13257,1326,31829,157,42869,77,17270,47,48447,198
10:54,13,-2668,-100,19556,-141,13463,-1530,13065,-583,3150,-83,17799,-1196,5451,2116,22053,3432,16117,24711,27218,42448,32684,98126,64528,62248,14330,70617,11098,10258,1997,13257,1326,31829,157,42869,77,17270,47,48447,198
10:55,13,-2668,-100,19556,-141,13463,-1530,13065,-583,3150,-83,17799,-1196,5451,2116,22053,3432,16117,24711,27218,42448,32684,98126,64528,62248,14330,70617,11098,10258,1997,13257,1326,31829,157,42869,77,17270,47,48447,198
10:56,13,-2668,-100,19556,-141,13463,-1530,13065,-583,3150,-83,17799,-1196,5451,2116,22053,3432,16117,24711,27218,42448,32684,98126,64528,62248,14330,70617,11098,10258,1997,13257,1326,31829,157,42869,77,17270,47,48447,198
10:57,13,-4241,-103,20250,-141,13954,-1615,14396,-590,3243,-75,17983,-1163,5222,2433,22812,3691,15585,27374,27669,43599,32991,99474,63792,63200,14428,71132,10596,10435,1815,14815,1397,33622,173,43028,110,17054,34,48847,166
10:58,13,-4241,-103,20250,-141,13954,-1615,14396,-590,3243,-75,17983,-1163,5222,2433,22812,3691,15585,27374,27669,43599,32991,99474,63792,63200,14428,71132,10596,10435,1815,14815,1397,33622,173,43028,110,17054,34,48847,166
10:59,12,-4226,-103,20528,-139,13696,-1761,14237,-625,3495,-186,17762,-1124,5505,2915,22808,3936,14404,28331,28103,45451,34942,100799,63878,64530,14269,70940,10207,10897,1765,15484,1351,34598,172,43104,168,16828,25,49763,146
11:00,12,-4226,-103,20528,-139,13696,-1761,14237,-625,3495,-186,17762,-1124,5505,2915,22808,3936,14404,28331,28103,45451,34942,100799,63878,64530,14269,70940,10207,10897,1765,15484,1351,34598,172,43104,168,16828,25,49763,146
11:01,12,-4226,-103,20528,-139,13696,-1761,14237,-625,3495,-186,17762,-1124,5505,2915,22808,3936,14404,28331,28103,45451,34942,100799,63878,64530,14269,70940,10207,10897,1765,15484,1351,34598,172,43104,168,16828,25,49763,146
11:02,12,-4049,-102,21001,-139,13894,-1808,14897,-625,3576,-74,17936,-1100,6087,3353,22401,4113,14291,29797,27409,46040,34576,102550,64331,64820,14062,70649,9940,11951,1695,16352,1262,35419,172,43908,168,16899,25,49999,160
11:03,12,-4049,-102,21001,-142,13894,-1808,14897,-628,3576,-74,17936,-1100,6087,3353,22401,4113,14291,29797,27409,46040,34576,102550,64331,64820,14062,70649,9940,11951,1695,16352,1262,35419,172,43908,86,16899,35,49999,160
11:04,12,-4049,-102,21001,-142,13894,-1808,14897,-628,3576,-74,17936,-1100,6087,3353,22401,4113,14291,29797,27409,46040,34576,102550,64331,64820,14062,70649,9940,11951,1695,16352,1262,35419,172,43908,86,16899,35,49999,160
11:05,12,-4055,-102,21067,-142,13948,-1858,15028,-626,3465,-149,17301,-1044,6151,3444,21581,4311,13801,32974,27076,47811,36311,105624,64089,65073,13941,72252,9901,14289,1638,16042,1295,35879,190,44007,38,16679,35,50792,160
11:06,12,-4055,-102,21067,-142,13948,-1858,15028,-626,3465,-149,17301,-1044,6151,3444,21581,4311,13801,32974,27076,47811,36311,105624,64089,65073,13941,72252,9901,14289,1638,16042,1295,35879,190,44007,38,16679,35,50792,160
11:07,12,-4055,-102,21067,-142,13948,-1858,15028,-626,3465,-149,17301,-1044,6151,3444,21581,4311,13801,32974,27076,47811,36311,105624,64089,65073,13941,72252,9901,14289,1638,16042,1295,35879,190,44007,38,16679,35,50792,160
11:08,12,-4055,-108,21067,-142,13948,-1858,15028,-626,3465,-149,17301,-1044,6151,3444,21581,4311,13801,32974,27076,47811,36311,105624,64089,65073,13941,72252,9901,14289,1638,16042,1295,35879,190,44007,38,16679,35,50792,160
11:09,11,-3824,-109,20367,-142,14220,-1870,16249,-624,3512,-312,17760,-963,6098,3792,22159,4288,13652,34444,27029,48375,36456,106749,64104,65600,13795,72954,10003,14441,1627,16310,1385,36016,194,44126,83,16867,36,50688,160
11:10,11,-3824,-109,20367,-142,14220,-1870,16249,-624,3512,-312,17760,-963,6098,3792,22159,4288,13652,34444,27029,48375,36456,106749,64104,65600,13795,72954,10003,14441,1627,16310,1385,36016,194,44126,83,16867,36,50688,160
11:11,11,-3755,-115,20431,-142,14321,-1873,18589,-627,3602,-280,18419,-921,5970,4028,22575,4829,13515,36548,26494,49584,36689,109087,64118,65970,13811,73538,10376,14991,1647,16467,1343,36368,208,44239,87,16909,36,50737,160
11:12,11,-3755,-115,20431,-142,14321,-1873,18589,-627,3602,-280,18419,-921,5970,4028,22575,4829,13515,36548,26494,49584,36689,109087,64118,65970,13811,73538,10376,14991,1647,16467,1343,36368,208,44239,87,16909,36,50737,160
11:13,11,-3755,-115,20431,-142,14321,-1873,18589,-627,3602,-280,18419,-921,5970,4028,22575,4829,13515,36548,26494,49584,36689,109087,64118,65970,13811,73538,10376,14991,1647,16467,1343,36368,208,44239,87,16909,36,50737,158
11:14,11,-3755,-115,20431,-142,14321,-1873,18589,-627,3602,-280,18419,-921,5970,4028,22575,4829,13515,36548,26494,49584,36689,109087,64118,65970,13811,73538,10376,14991,1647,16467,1343,36368,208,44239,87,16909,36,50737,158
11:15,-4,-3671,-117,20566,-146,14535,-1972,18300,-578,3373,-443,19038,-875,5826,3903,22460,4500,13098,36960,25149,51838,35540,111197,64493,67289,13555,73523,9353,15150,1396,16996,1309,36556,182,45585,30,16717,35,51780,154
11:16,-4,-3671,-117,20566,-146,14535,-1972,18512,-578,3373,-443,19699,-875,5826,3903,20201,5059,12725,36960,25403,51838,34323,111197,61537,67289,13555,73523,9353,15235,1357,16996,1309,36556,184,46064,26,16717,35,51780,155
11:18,-250,5354,-4,-3686,-118,20629,-147,14583,-2004,18512,-584,3602,-509,19699,-612,6065,4237,20201,5059,12725,39369,25403,54134,34323,115841,61537,68153,13721,72405,9486,15235,1357,16488,1116,36981,184,46064,26,16708,33
11:18,-250,5354,-4,-3686,-118,20629,-147,14583,-2004,18512,-584,3602,-509,19699,-612,6065,4237,20201,5059,12725,39369,25403,54134,34323,115841,61537,68153,13721,72405,9486,15235,1357,16488,1116,36981,184,46064,26,16708,33
11:20,-7,-3686,-118,20629,-147,14583,-2004,18512,-584,3602,-509,19699,-612,6065,4237,20201,5059,12725,39369,25403,54134,34323,115841,61537,68153,13721,72405,9486,15235,1357,16488,1116,36981,184,46064,26,16708,33,52328,155
11:21,-7,-3686,-118,20629,-147,14583,-2004,18512,-584,3602,-509,19699,-612,6065,4237,20201,5059,12725,39369,25403,54134,34323,115841,61537,68153,13721,72405,9486,15235,1357,16488,1116,36981,184,46064,26,16708,33,52328,155
11:22,-4,-3804,-120,20310,-147,14643,-1941,18803,-582,3670,-432,20944,-600,6296,4604,17630,5280,12549,43402,25981,56322,33892,119080,61672,68749,13604,73875,9783,15152,1363,16995,1144,36939,169,50240,24,16700,33,51955,143
11:23,-4,-3988,-135,20498,-147,14726,-1920,19683,-601,3660,-352,21494,-590,6296,4725,17953,5486,12702,44403,27053,56749,34116,119637,61880,68937,13503,74145,9465,16024,1363,17495,1160,36802,169,52277,24,16690,-22,53051,142
11:24,-4,-3988,-135,20498,-147,14726,-1920,19683,-601,3660,-352,21494,-590,6317,4725,17953,5486,12702,44403,27053,56749,34116,119637,61880,68937,13503,74145,9465,16024,1361,17495,1160,36802,168,52277,7,16690,-22,53051,142
11:25,-4,-3884,-135,20589,-149,14910,-1895,20202,-598,3811,-383,22591,-601,6213,4875,18338,5736,13151,45276,28830,57219,33171,119851,61015,69334,13422,74634,9719,16032,1318,17586,1175,36844,168,54030,11,16720,-23,50705,142
11:26,-4,-3884,-135,20589,-149,14910,-1895,20202,-598,3811,-383,22591,-601,6213,4875,18338,5736,13151,45276,28830,57219,33171,119851,61015,69334,13422,74634,9719,16032,1318,17586,1175,36844,168,54030,11,16720,-23,50705,142
11:27,-265,5192,-4,-3884,-120,20589,-149,14910,-1895,20202,-598,3811,-383,22591,-601,6213,4875,18338,5736,13151,45276,28830,57219,33171,119851,61015,69334,13422,74634,9719,16032,1318,17586,1175,36844,164,54030,11,16720,-23
11:28,-265,5192,-4,-3884,-120,20589,-149,14910,-1895,20202,-598,3811,-383,22591,-601,6213,4875,18338,5736,13151,45276,28830,57219,33171,119851,61015,69334,13422,74634,9719,16032,1318,17586,1175,36844,164,54030,11,16720,-23
11:29,-259,5192,-4,-3807,-122,21000,-149,14910,-1798,20350,-574,3811,-289,23939,-621,6213,5302,17440,5736,11842,45276,27934,57219,32420,119851,60333,69334,13026,74634,9719,16032,1074,17586,1112,36844,163,54840,6,17191,-24
11:30,-259,5658,-4,-3807,-122,21000,-149,14829,-1798,20350,-574,3757,-289,23939,-621,5976,5302,17440,5816,11842,47369,27934,58895,32420,122576,60333,69586,13026,75598,9585,17081,1074,17471,1112,36856,163,54840,6,17191,-24
11:31,-259,5658,-9,-3807,-122,21000,-149,14829,-1798,20350,-574,3757,-289,23939,-621,5976,5302,17440,5816,11842,47369,27934,58895,32420,122576,60333,69586,13026,75598,9585,17081,1074,17471,1112,36856,163,54840,6,17191,-24
11:32,-259,5658,-9,-3807,-122,21000,-149,14829,-1798,20350,-574,3757,-289,23939,-621,5976,5302,17440,5816,11842,47369,27934,58895,32420,122576,60333,69586,13026,75598,9585,17081,1074,17471,1112,36856,163,54840,6,17191,-24
11:33,-259,5658,-9,-3807,-122,21000,-149,14829,-1798,20350,-574,3757,-293,23939,-621,5976,5302,17440,5816,11842,51402,27934,62991,32420,125824,60333,69237,13026,76256,9484,17081,1074,17731,1112,37592,148,54840,-14,17191,-24
11:34,-255,5910,-9,-3969,-122,20815,-149,15417,-1830,19893,-583,3445,-293,25038,-607,5883,5540,16530,6069,10834,51402,25017,62991,32079,125824,64217,69237,12527,76256,9484,17338,924,17731,1054,37592,148,57447,-14,17021,-28
11:35,-255,5854,-14,-3840,-115,20275,-149,15487,-1733,20393,-602,3239,39,24684,-382,6048,6293,15675,6511,11236,55050,26030,64722,31052,127377,62303,67767,12358,76130,9167,17691,769,18267,968,37511,151,60631,-7,16527,-28
11:36,-255,5854,-14,-3840,-115,20275,-149,15487,-1733,20393,-602,3239,39,24684,-382,6048,6293,15675,6511,11236,55050,26030,64722,31052,127377,62303,67767,12358,76130,9167,17691,769,18267,968,37511,151,60631,-7,16527,-28
11:37,-255,5854,-14,-3840,-115,20275,-154,15487,-1733,20393,-602,3239,39,24684,-382,6048,6293,15675,6511,11236,55050,26030,64722,31052,127377,62303,67767,12358,76130,9167,17691,769,18267,968,37511,151,60631,-7,16527,-28
11:38,-14,-4438,-118,20979,-160,15347,-1733,20393,-602,2412,-83,24684,-423,5284,6293,15675,6766,11236,55050,26030,64722,31052,127377,62303,67767,12358,76130,9167,17804,665,18267,968,37710,127,60631,0,16494,-28,50459,148
11:39,-14,-4438,-118,20979,-160,15347,-1733,20393,-602,2412,-83,24684,-423,5284,6293,15675,6766,11236,55050,26030,64722,31052,127377,62303,67767,12358,76130,9167,17804,665,18267,968,37710,127,60631,0,16494,-28,50459,148
11:40,-18,-4438,-118,20979,-160,15347,-1791,20470,-611,2412,-83,24965,-423,5284,6099,16094,6766,9590,56084,26439,70156,30832,128703,59728,62550,12208,77631,9250,17804,665,16042,998,37710,127,62209,0,16494,-28,51182,152
11:41,-18,-4414,-119,21628,-160,14428,-1924,20123,-603,2662,-602,25156,-452,4834,5538,15082,6946,8104,55247,23505,69315,29840,128326,58105,62512,11200,79449,8998,17993,562,15924,985,37749,102,61612,2,16616,-34,51860,152
11:42,-18,-4414,-119,21628,-160,14428,-1924,20123,-603,2662,-602,25156,-452,4834,5538,15082,6946,8104,55247,23505,69315,29840,128326,58105,62512,11200,79449,8998,17993,562,15924,985,37749,102,61612,2,16616,-34,51860,152
11:43,-18,-4414,-119,21628,-159,14428,-1924,20123,-603,2662,-602,25156,-452,4834,5538,15082,6946,8104,55247,23505,69315,29840,128326,58105,62512,11200,79449,8998,17993,562,15924,985,37749,102,61612,2,16616,-34,51860,147
11:44,-18,-4414,-119,21628,-159,14428,-1924,20123,-603,2662,-602,25156,-452,4834,5538,15082,6946,8104,55247,23505,69315,29840,128326,58105,62512,11200,79449,8998,17993,562,15924,985,37749,102,61612,2,16616,-34,51860,147
11:45,-17,-5186,-113,21532,-159,13592,-1973,19733,-606,2935,-605,25749,-491,4806,5573,13827,7041,7032,56736,21224,70264,30214,128323,57891,62417,11046,78490,8352,18238,439,16109,1038,38362,93,61925,-16,16915,-34,51432,146
11:46,-17,-5186,-113,21532,-159,13592,-1973,19733,-606,2935,-605,25749,-491,4806,5573,13827,7041,7032,56736,21224,70264,30214,128323,57891,62417,11046,78490,8352,18238,439,16109,1038,38362,93,61925,-16,16915,-34,51432,146
11:47,-17,-5220,-113,22128,-159,13574,-2052,19162,-626,3135,-510,25741,-310,4849,6166,13984,7205,7850,56861,22274,69921,30839,127730,58220,62490,11163,77978,8127,18463,571,16045,849,38660,85,60961,-16,17054,-34,52460,146
11:48,-18,-5255,-119,22502,-159,13349,-2064,19200,-664,3095,-507,24141,-493,4407,5240,13962,7329,7296,58271,19187,71632,29931,127751,57268,62348,11105,78717,7723,19175,439,16284,912,38882,68,60743,7,16552,-34,51810,147
11:49,-18,-5255,-119,22502,-159,13349,-2064,19200,-664,3095,-507,24141,-493,4407,5240,13962,7329,7296,58271,19187,71632,29931,127751,57268,62348,11105,78717,7723,19175,439,16284,912,38882,68,60743,7,16552,-34,51810,147
11:50,-18,-5255,-119,22502,-159,13349,-2064,19200,-664,3095,-507,24141,-493,4407,5240,13962,7329,7296,58271,19187,71632,29931,127751,57268,62348,11105,78717,7723,19175,439,16284,912,38882,68,60743,7,16552,-34,51810,147
11:51,-18,-5255,-119,22502,-162,13349,-2064,19200,-664,3095,-507,24141,-493,4407,5240,13962,7329,7296,58271,19187,71632,29931,127751,57268,62348,11105,78717,7723,19175,439,16284,912,38882,68,60743,7,16552,-34,51810,147
11:52,-18,-5255,-119,22502,-162,13349,-2064,19200,-664,3095,-507,24141,-493,4407,5240,13962,7329,7296,58271,19187,71632,29931,127751,57268,62348,11105,78717,7723,19175,439,16284,942,38882,68,60743,7,16552,-34,51810,147
11:53,-18,-5262,-120,22501,-165,13310,-2076,18981,-659,3305,-512,24957,-574,4226,5793,13536,7209,6805,57458,17692,72935,30009,128055,57838,62160,11076,78717,7588,19641,498,16864,942,38871,73,60810,14,16545,-34,51286,147
11:54,-18,-5262,-120,22501,-165,13310,-2076,18981,-659,3305,-512,24957,-574,4226,5793,13536,7209,6805,57458,17692,72935,30009,128055,57838,62160,11076,78717,7588,19641,498,16864,942,38871,73,60810,14,16545,-34,51286,148
11:55,-18,-5262,-120,22501,-165,13310,-2076,18981,-659,3305,-512,24957,-574,4226,5793,13536,7209,6805,57458,17692,72935,30009,128055,57838,62160,11076,78717,7588,19641,498,16864,942,38871,73,60810,14,16545,-34,51286,148
11:56,-18,-5262,-120,22501,-165,13310,-2076,18981,-659,3305,-512,24957,-574,4226,5793,13536,7209,6805,57458,17692,72935,30009,128055,57838,62160,11076,78717,7588,19641,498,16864,942,38871,73,60810,14,16545,-34,51286,148
11:58,-21,-5175,-118,22643,-176,13155,-2078,19095,-648,3425,-412,26234,-624,4070,6507,14352,7167,7210,57846,17831,73619,30900,129020,57872,62344,11289,80254,7824,20024,514,19069,932,39036,72,60239,34,16562,-35,51399,146
11:58,-21,-5239,-118,22753,-176,13155,-2260,19896,-648,3136,-412,25818,-616,4324,7130,14208,7002,0,57846,15308,73619,31128,129020,60616,62344,11095,80535,7824,19991,356,19069,1077,38854,65,59502,-133,16562,-35,50668,146
12:00,-21,-5239,-117,22753,-172,13322,-2260,19896,-686,3136,-584,25818,-616,4324,7130,14208,7002,6210,56044,15308,73285,31128,128233,60616,62639,11095,80535,7600,19991,356,19566,1077,38854,65,59502,-133,16270,-35,50668,139
12:01,-17,-6281,-117,22858,-172,15582,-2248,20192,-682,3288,-574,26016,-623,3994,7756,14936,6739,7400,54087,17388,71840,31938,124952,60326,62894,11328,79279,7545,20071,331,19988,1144,39059,62,59322,-133,15984,-35,50158,139
12:02,-17,-6281,-117,22858,-172,15582,-2248,20192,-682,3288,-574,26016,-623,3994,7756,14936,6739,7400,54087,17388,71840,31938,124952,60326,62894,11328,79279,7545,20071,331,19988,1144,39059,62,59322,-133,15984,-35,50158,139
12:03,-17,-6281,-117,22858,-172,15582,-2248,20192,-682,3288,-574,26016,-623,3994,7756,14936,6739,7400,54087,17388,71840,31938,124952,60326,62894,11328,79279,7545,20071,331,19988,1144,39059,62,59322,-133,15984,-35,50158,139
12:04,-17,-6281,-115,22858,-172,15582,-2248,20192,-682,3288,-574,26016,-623,3994,7756,14936,6739,7400,54087,17388,71840,31938,124952,60326,62894,11328,79279,7545,20071,331,19988,1144,39059,62,59322,-130,15984,-35,50158,139
12:05,-17,-5392,-121,22623,-172,15520,-2332,20228,-709,3500,-488,26338,-537,4337,6242,15128,6231,8166,54622,18955,70908,33749,123123,58108,61874,11565,77850,7614,19873,421,20109,1095,39561,57,59269,-75,16128,-35,50044,139
12:06,-17,-5392,-121,22623,-172,15520,-2332,20228,-709,3500,-488,26338,-537,4337,6242,15128,6231,8166,54622,18955,70908,33749,123123,58108,61874,11565,77850,7614,19873,421,20109,1095,39561,57,59269,-75,16128,-35,50044,139
12:07,-18,-5392,-121,22623,-172,15520,-2332,20228,-709,3500,-488,26338,-537,4337,6242,15128,6231,8166,54622,18955,70908,33749,123123,58108,61874,11565,77850,7614,19873,421,20109,1095,39561,57,59269,-75,16128,-35,50044,139
12:08,-18,-5392,-121,22623,-172,15520,-2332,20228,-709,3500,-488,26338,-537,4337,6242,15128,6231,8166,54622,18955,70908,33749,123123,58108,61874,11565,77850,7614,19873,421,20109,1095,39561,57,59269,-75,16128,-35,50044,139
12:09,-18,-5392,-121,22623,-174,15760,-2405,20228,-709,4196,-602,26338,-537,5045,6387,15128,6231,8166,54622,18955,70908,33749,123123,58108,61874,11565,77850,7614,19873,421,20109,1095,39561,57,59269,-75,16128,-35,50044,139
12:10,-28,-4636,-121,22538,-174,15760,-2405,20354,-702,4196,-602,24126,-587,5045,6387,15507,6133,8372,57369,19200,70963,34027,122843,58014,61583,11790,77785,7522,20225,495,19765,1068,39997,43,59338,-68,15919,-35,49258,138
12:11,-28,-4197,-123,22765,-174,15829,-2486,19919,-767,4060,-1067,23274,-674,4840,5760,14755,5606,8051,48997,10301,71177,33431,124416,56581,62333,11725,79831,7415,20627,349,19375,1176,40325,45,58777,-41,15939,-35,50142,138
12:12,-28,-4197,-123,22765,-174,15829,-2486,19919,-767,4060,-1067,23274,-674,4840,5760,14755,5606,8051,48997,10301,71177,33431,124416,56581,62333,11725,79831,7415,20627,349,19375,1176,40325,45,58777,-41,15939,-35,50142,138
12:13,-28,-4197,-123,22765,-176,15829,-2486,19919,-767,4060,-1067,23274,-674,4840,5760,14755,5606,8051,48997,10301,71177,33431,124416,56581,62333,11725,79831,7415,20627,349,19375,1176,40325,45,58777,-41,15939,-35,50142,138
12:14,-28,-4197,-123,22765,-176,15829,-2486,19919,-767,4060,-1067,23274,-674,4840,5760,14755,5606,8051,48997,10301,71177,33431,124416,56581,62333,11725,79831,7415,20627,349,19375,1176,40325,45,58777,-41,15939,-35,50142,138
12:15,-28,-4197,-123,22765,-176,15829,-2486,19919,-767,4060,-1067,23274,-674,4840,5760,14755,5606,8051,48997,10301,71177,33431,124416,56581,62333,11725,79831,7415,20627,349,19375,1176,40325,45,58777,-41,15939,-35,50142,138
12:16,-28,-4313,-123,22698,-180,15678,-2443,18070,-829,4408,-1323,23327,-643,6756,5467,14048,5363,7971,44363,9483,69990,34003,123136,56928,61810,11761,79784,7697,19753,447,18808,1300,40453,63,58606,-75,15393,-35,50286,139
12:17,-31,-4313,-123,22698,-180,16526,-2424,18760,-829,4485,-1323,24813,-609,7364,5641,13681,5363,8666,41781,10298,67820,35413,121655,56881,61349,11374,79784,6804,19753,404,18497,1300,40450,74,58509,-75,15393,-33,50490,139
12:18,-31,-3721,-123,21879,-180,16526,-2424,18760,-844,4485,-1346,24813,-609,7364,5641,13681,5151,8666,41781,10298,67820,35413,121655,56881,61349,11374,79012,6804,19733,404,18497,1346,40450,74,58509,-73,15248,-33,50490,139
12:19,-31,-3629,-123,21666,-183,16838,-2434,19348,-934,3987,-1299,25204,-609,7897,5881,15085,5253,9637,40253,12325,66700,37003,120862,58170,60444,11049,78141,6789,19323,442,18299,1357,40307,74,58437,-73,14888,-33,50017,139
12:20,-31,-3629,-123,21666,-183,16838,-2434,19348,-934,3987,-1299,25204,-609,7897,5881,15085,5253,9637,40253,12325,66700,37003,120862,58170,60444,11049,78141,6789,19323,442,18299,1357,40307,74,58437,-73,14888,-33,50017,139
12:20,-31,-3629,-123,21666,-183,16838,-2434,19348,-934,3987,-1299,25204,-609,7897,5881,15085,5253,9637,40253,12325,66700,37003,120862,58170,60444,11049,78141,6789,19323,442,18299,1357,40307,74,58437,-73,14888,-33,50017,139
12:23,-30,-3467,-123,21947,-182,16448,-2379,19891,-934,3916,-1371,25484,-614,7778,5711,14591,4567,9637,40253,11596,66700,37003,120862,58925,60444,11049,78857,6789,20156,381,18299,1357,40503,48,58437,-117,14478,-36,50017,136
12:24,-30,-3467,-123,21947,-182,16448,-2379,19891,-948,3916,-1371,25484,-614,7778,5711,14591,4567,4361,40903,11596,67718,37163,122728,58925,60165,11137,78857,7131,20156,381,18370,1415,40503,48,57827,-117,14478,-36,46384,136
12:25,-30,-3467,-123,21947,-182,16448,-2379,19891,-948,3916,-1371,25484,-614,7778,5711,14591,4567,4361,40903,11596,67718,37163,122728,58925,60165,11137,78857,7131,20156,381,18370,1415,40503,48,57827,-117,14478,-36,46384,143
12:26,-30,-3467,-123,21947,-182,16448,-2379,19891,-948,3916,-1371,25484,-614,7778,5711,14591,4567,4361,40903,11596,67718,37163,122728,58925,60165,11137,78857,7131,20156,381,18370,1415,40503,48,57827,-117,14478,-36,46384,143
12:27,-30,-3467,-123,21947,-182,16448,-2379,19891,-948,3916,-1371,25484,-614,7778,5711,14591,4567,4361,40903,11596,67718,37163,122728,58925,60165,11137,78857,7131,20156,381,18370,1415,40503,48,57827,-117,14478,-36,46384,143
12:28,-32,-3192,-171,21745,-183,16398,-2422,20465,-981,4008,-1414,24950,-615,8282,5904,15366,4223,-2807,44533,15738,67629,39218,122979,60968,60194,11516,77798,6914,17667,499,18420,1631,41647,26,58194,-124,14428,-33,45692,144
12:29,-32,-3192,-171,21745,-183,16398,-2422,20465,-981,4008,-1414,24950,-615,8282,5904,15366,4223,-2807,44533,15738,67629,39218,122979,60968,60194,11516,77798,6914,17667,499,18420,1631,41647,26,58194,-124,14428,-33,45692,144
12:30,-32,-3192,-171,21745,-183,16398,-2422,20465,-981,4008,-1414,24950,-615,8282,5904,15366,4223,-2807,44533,15738,67629,39218,122979,60968,60194,11516,77798,6914,17667,499,18420,1631,41647,26,58194,-124,14428,-33,45692,144
12:32,-32,-3176,-171,21834,-183,16285,-2522,20827,-981,4419,-1559,25135,-615,8374,5972,15398,4304,-2503,40796,15907,67560,40408,123271,61236,60234,11289,77481,7018,17723,535,18584,1631,41806,26,58319,-124,14545,-33,46052,144
12:32,-31,-3176,-171,21834,-183,16285,-2522,20827,-981,4419,-1559,25135,-615,8374,5972,15398,4304,-2503,40796,15907,67560,40408,123271,61236,60234,11289,77481,7018,17723,535,18584,1631,41806,26,58319,-124,14545,-33,46052,144
12:34,-31,-3176,-171,21834,-183,16285,-2522,20827,-989,4419,-1559,25135,-595,8374,5972,15398,4304,-2503,40796,15907,67560,40408,123271,61236,60234,11289,77481,7018,17723,535,18584,1648,41806,27,58319,-134,14545,-29,46052,144
12:35,-31,-3353,-171,21547,-183,17779,-2533,19343,-994,4875,-1712,25795,-616,8252,6031,15249,4259,-2449,39846,16275,69214,40770,123960,60658,60187,11132,78519,7277,18600,388,19206,1829,43426,25,58105,-140,13646,-29,46399,144
12:36,-31,-3353,-171,21547,-183,17779,-2533,19343,-994,4875,-1712,25795,-616,8252,6031,15249,4259,-2449,39846,16275,69214,40770,123960,60658,60187,11132,78519,7277,18600,388,19206,1829,43426,25,58105,-140,13646,-29,46399,144
12:37,-31,-3353,-171,21547,-183,17779,-2533,19343,-994,4875,-1712,25795,-616,8252,6031,15249,4259,-2449,39846,16275,69214,40770,123960,60658,60187,11132,78519,7277,18600,388,19206,1829,43426,25,58105,-140,13646,-29,46399,144
12:38,-31,-3353,-171,21547,-183,17779,-2533,19343,-994,4875,-1712,25795,-616,8252,6031,15249,4259,-2449,39846,16275,69214,40770,123960,60658,60187,11132,78519,7277,18600,388,19206,1829,43426,25,58105,-140,13646,-29,46399,140
12:39,-31,-3465,-173,21833,-181,17770,-2578,19492,-992,5016,-1707,25708,-624,8177,6198,14681,4398,-2557,38799,16055,69074,41340,122878,60082,60367,11235,78902,6698,18629,395,19159,1853,43224,28,58166,-140,13586,-29,46587,140
12:40,-31,-3465,-173,21833,-181,17770,-2578,19492,-992,5016,-1707,25708,-624,8177,6198,14681,4398,-2557,38799,16055,69074,41340,122878,60082,60367,11235,78902,6698,18629,395,19159,1853,43224,28,58166,-140,13586,-29,46587,140
12:41,-31,-3405,-173,21757,-181,17778,-2577,21276,-993,4906,-1716,28365,-615,8267,6322,15782,4375,-2311,38881,16203,69159,41451,122277,59798,60559,11221,78663,6710,18496,377,19502,1764,46321,23,57622,-144,15506,-31,46845,140
12:42,-31,-3405,-173,21757,-181,17778,-2577,21276,-993,4906,-1716,28365,-615,8267,6322,15782,4375,-2311,38881,16203,69159,41451,122277,59798,60559,11221,78663,6710,18496,377,19502,1764,46321,23,57622,-144,15506,-31,46845,140
12:43,-31,-3405,-173,21757,-181,17778,-2577,21276,-993,4906,-1716,28365,-615,8267,6322,15782,4375,-2311,38881,16203,69159,41451,122277,59798,60559,11221,78663,6710,18496,377,19502,1764,46321,23,57622,-144,15506,-31,46845,140
12:59,-38,-3054,-173,21290,-182,16925,-2828,21517,-1001,5176,-1585,29285,-614,8871,7534,15709,5397,-3181,39080,19240,70081,41789,125291,61002,61385,10694,80886,6842,18791,405,20011,1380,47307,26,57631,-123,14601,-28,48605,147
13:00,-38,-3054,-173,21290,-183,16978,-2861,21517,-989,5401,-1519,29285,-614,8252,7976,15709,5208,-3181,38343,19240,69833,41789,125793,61002,61741,10682,81249,6878,18663,354,20382,1383,47588,32,57631,-127,14601,-29,48733,147
13:01,-38,-3054,-173,21290,-183,16978,-2941,21517,-989,5401,-1747,29285,-614,8252,8586,15709,5120,-3181,36991,19240,69099,41789,123177,61002,61097,10682,80211,6878,18377,354,20303,1383,47303,32,58546,-127,14740,-29,47911,147
13:02,-38,-3054,-173,21290,-183,16978,-2941,21517,-989,5401,-1747,29285,-614,8252,8586,15709,5120,-3181,36991,19240,69099,41789,123177,61002,61097,10682,80211,6878,18377,354,20303,1383,47303,32,58546,-127,14740,-29,47911,147
13:03,-44,-3259,-214,21420,-185,17101,-2941,21227,-992,5341,-1747,29376,-629,8506,8586,16623,5120,-2483,36991,17649,69099,42245,123177,62939,61097,10533,80211,6942,18377,290,20303,1616,47303,37,58546,-125,14740,-29,47911,147
13:04,-44,-3372,-214,21890,-185,16907,-3119,20531,-998,5031,-1747,29219,-702,8812,8149,19186,5120,-2960,35764,22358,66846,44120,119977,60914,59887,10628,80558,6857,18377,296,19308,1587,47303,37,58546,-125,14476,-26,46303,144
13:05,-44,-3372,-214,21890,-185,16907,-3119,20531,-998,5031,-1747,29219,-702,8812,8149,19186,5120,-2960,35764,22358,66846,44120,119977,60914,59887,10628,80558,6857,18377,296,19308,1587,47303,37,58546,-125,14476,-26,46303,144
13:06,-44,-3372,-245,21890,-186,16907,-3119,20531,-998,5031,-1869,29219,-702,8812,8149,19186,4929,-2960,35764,22358,66846,44120,119977,60914,59887,10628,80558,6857,17731,296,19308,1587,47077,34,60276,-64,14476,-26,46303,144
13:07,-44,-3372,-245,21890,-186,16907,-3119,20531,-998,5031,-1869,29219,-702,8812,8149,19186,4929,-2960,35764,22358,66846,44120,119977,60914,59887,10628,80558,6857,17731,296,19308,1587,47077,34,60276,-64,14476,-26,46303,144
13:08,-44,-3372,-245,21890,-186,16907,-3119,20531,-998,5031,-1869,29219,-702,8812,8149,19186,4929,-2960,35764,22358,66846,44120,119977,60914,59887,10628,80558,6857,17731,296,19308,1358,47077,34,60276,-64,14476,-26,46303,144
13:09,-44,-3486,-260,21480,-193,16709,-3271,20869,-1054,5035,-2256,27224,-751,8745,5590,16245,4630,-2880,34554,14100,65915,41173,116796,57608,59281,9933,80951,6009,18046,192,18316,1358,47090,31,60195,-73,14425,-3,48586,139
13:10,-44,-3486,-260,21480,-193,16709,-3271,20869,-1054,5035,-2256,27224,-751,8745,5590,16245,4630,-2880,34554,14100,65915,41173,116796,57608,59281,9933,80951,6009,18046,192,18316,1358,47090,31,60195,-73,14425,-3,48586,139
13:11,-44,-221,-260,20666,-198,16822,-3370,20315,-1029,5834,-2240,26194,-794,8186,4900,15969,4245,-2149,35823,17104,63208,41312,118062,58473,60714,10247,81417,5621,18034,217,18496,1328,46629,53,60187,-50,14173,-3,48124,140
13:12,-44,-221,-260,20666,-198,16822,-3370,20315,-1029,5834,-2240,26194,-794,8186,4900,15969,4245,-2149,35823,17104,63208,41312,118062,58473,60714,10247,81417,5621,18034,217,18496,1328,46629,53,60187,-50,14173,-3,48124,140
13:13,-44,-221,-266,20666,-198,16822,-3370,20315,-1029,5834,-2240,26194,-794,8186,4900,15969,4245,-2149,35823,17104,63208,41312,118062,58473,60714,10247,81417,5621,18034,217,18496,1328,46629,53,60187,-50,14173,-3,48124,140
13:14,-44,1139,-265,20379,-199,16835,-3452,20185,-1058,5588,-2037,26642,-777,8062,4606,15707,4476,-1300,36667,18613,58797,41498,121804,58513,62339,10700,82580,5611,18496,225,18740,1356,46695,51,60187,139,14318,-3,47522,142
13:15,-44,1139,-265,20379,-199,16835,-3452,20185,-1058,5588,-2037,26642,-777,8062,4606,15707,4476,-1300,36667,18613,58797,41498,121804,58513,62339,10700,82580,5611,18496,225,18740,1356,46695,51,60187,139,14318,-3,47522,142
13:16,-44,1139,-265,20379,-199,16835,-3452,20185,-1058,5588,-2037,26642,-777,8062,4606,15707,4476,-1300,36667,18613,58797,41498,121804,58513,62339,10700,82580,5611,18496,225,18740,1356,46695,51,60273,139,14318,-3,47522,142
13:17,-45,1241,-266,20193,-199,17032,-3461,20098,-1067,5902,-2052,26537,-768,8206,4577,15141,4660,-1566,35691,17378,58755,41859,124328,58345,62370,10372,84237,5732,18384,209,19203,1324,46952,51,60053,151,13684,-2,47680,142
13:19,-45,1241,-266,20193,-199,17032,-3461,20098,-1067,5902,-2052,26537,-768,8206,4577,15141,4660,-1566,35691,17378,58755,41859,124328,58345,62370,10372,84237,5732,18384,209,19203,1324,46952,51,60053,151,13684,-2,47680,142
13:20,-45,1241,-266,20193,-199,17032,-3461,20098,-1067,5902,-2052,26537,-768,8206,4577,15141,4660,-1566,35691,17378,58755,41859,124328,58345,62370,10372,84237,5732,18384,209,19203,1324,46952,51,60053,151,13684,-2,47680,142
13:21,-45,1210,-268,20016,-197,16632,-3509,19625,-1080,6156,-2022,26168,-772,8575,4607,14838,4650,-1674,36347,18725,59538,41875,125696,59377,62289,8954,85457,5706,18163,196,19406,1508,47483,68,59572,129,13516,-2,47885,142
13:22,-45,1210,-268,20016,-197,16632,-3509,19625,-1080,6027,-2022,26168,-772,9085,4607,14838,4650,-1674,36347,18725,59538,41875,125696,59377,62289,8954,85457,5706,18163,196,19406,1543,47483,68,59572,129,13516,-2,47885,142
13:23,-45,1282,-271,19745,-197,16692,-3493,18977,-1092,6027,-1988,26322,-768,9085,4629,14502,4643,-2129,36667,19942,59184,41866,126446,59774,62423,8749,85590,5736,18069,187,19431,1543,47337,70,59960,129,13613,-4,47291,142
13:24,-45,1282,-271,19745,-197,16692,-3493,18977,-1092,6027,-1988,26322,-768,9085,4629,14502,4643,-2129,36667,19942,59184,41866,126446,59774,62423,8749,85590,5736,18069,187,19431,1543,47337,70,59960,129,13613,-4,47291,142
13:25,-45,1282,-271,19745,-197,16692,-3493,18977,-1092,6027,-1988,26322,-768,9085,4629,14502,4643,-2129,36667,19942,59184,41866,126446,59774,62423,8749,85590,5736,18069,187,19431,1543,47337,70,59960,129,13613,-4,47291,138
13:26,-45,1282,-271,19745,-197,16692,-3493,18977,-1092,6027,-1988,26322,-768,9085,4629,14502,4643,-2129,36667,19942,59184,41866,126446,59774,62423,8749,85590,5736,18069,187,19431,1543,47337,70,59960,129,13613,-4,47291,138
13:27,-45,1562,-271,19861,-197,16743,-3503,18647,-1104,6187,-2016,27144,-803,8910,4581,15029,4788,-1887,35787,20171,60198,43485,128539,60147,63481,8759,86025,5866,18186,204,20167,1572,47576,65,60223,131,13793,-3,47515,139
13:28,-45,1589,-271,19884,-197,16703,-3545,18885,-1124,7382,-1947,27304,-822,9346,4531,15380,4791,-1972,35787,19168,60198,43893,128539,60373,63481,8798,85229,5866,18595,223,20167,1572,47576,65,60285,-23,13785,-3,47523,139
13:29,-45,1589,-271,19884,-197,16703,-3545,18885,-1124,7382,-1947,27304,-822,9346,4531,15380,4791,-1972,35557,19168,60714,43893,128894,60373,63794,8798,85229,5813,18595,223,20389,1543,47736,65,60285,-23,13785,-3,47523,139
13:30,-45,1589,-271,19884,-197,16703,-3545,18885,-1124,7382,-1947,27304,-822,9346,4531,15380,4791,-1972,35557,19168,60714,43893,128894,60373,63794,8798,85229,5813,18595,223,20389,1543,47736,65,60285,-23,13785,-3,47523,139
13:32,-45,1589,-271,19884,-197,16703,-3545,18885,-1124,7382,-1947,27304,-822,9346,4531,15380,4791,-1972,35557,19168,60714,43893,128894,60373,63794,8798,85229,5813,18595,223,20389,1543,47736,67,60285,-23,13785,-4,47523,139
13:32,-45,1589,-271,19884,-197,16703,-3545,18885,-1124,7382,-1947,27304,-822,9346,4531,15380,4791,-1972,35557,19168,60714,43893,128894,60373,63794,8798,85229,5813,18595,223,20389,1543,47736,67,60285,-23,13785,-4,47523,139
13:34,-45,1246,-272,19991,-197,16721,-3559,18603,-1138,7792,-1907,27661,-800,9356,3683,15190,4676,-1717,43654,18880,60378,44297,130768,61930,64001,8716,84235,5890,18820,228,20373,1554,47809,83,60181,7,14214,-2,47622,131
13:35,-45,2380,-278,19925,-208,16249,-3559,18603,-1154,7792,-1981,27661,-800,9356,3683,15190,4676,-1717,37393,18880,59502,44297,128649,61930,63574,8716,83682,5980,18820,228,20901,1554,47684,83,60181,7,15579,-2,47622,131
13:36,-45,2380,-278,19925,-208,16249,-3636,19062,-1154,7844,-1981,27776,-766,8856,3928,14728,4548,-1975,37393,17637,59502,43261,128649,60799,63574,8576,83682,5980,18883,226,20901,1533,47684,92,60359,-17,15579,-3,48083,131
13:37,-45,2380,-278,19925,-208,16249,-3636,19062,-1154,7844,-1981,27776,-766,8856,3928,14728,4548,-1975,37393,17637,59502,43261,128649,60799,63574,8576,83682,5980,18883,226,20901,1533,47684,92,60359,-17,15579,-3,48083,135
13:38,-45,2380,-278,19925,-208,16249,-3636,19062,-1154,7844,-1981,27776,-766,8856,3928,14728,4548,-1975,37393,17637,59502,43261,128649,60799,63574,8576,83682,5980,18883,226,20901,1533,47684,92,60359,-17,15579,-3,48083,135
13:39,-45,2380,-278,19925,-208,16249,-3636,19062,-1154,7844,-1981,27776,-766,8856,3928,14728,4548,-1975,37393,17637,59502,43261,128649,60799,63574,8576,83682,5980,18883,226,20901,1533,47684,92,60359,-17,15579,-3,48083,135
13:40,-44,2782,-277,19771,-207,16291,-3637,18595,-1167,7758,-1703,27551,-761,9026,4218,14550,4442,-2225,36262,16139,59967,42376,129232,65776,64288,8567,83729,5928,18823,198,20978,1223,47760,80,61066,-98,15647,-3,48421,135
13:41,-44,3337,-278,19625,-207,15802,-3542,18696,-1173,7579,-1672,27588,-752,8795,4717,14439,5229,-2300,36473,15877,61133,42805,131119,65071,63981,8625,84820,6133,18730,213,21131,1165,48002,79,64444,-114,15670,-3,47073,135
13:42,-44,3337,-278,19625,-207,15802,-3542,18696,-1173,7579,-1672,27588,-752,8795,4717,14439,5229,-2300,36473,15877,61133,42805,131119,65071,63981,8625,84820,6133,18730,213,21131,1165,48002,79,64444,-114,15670,-3,47073,135
13:43,-44,3337,-278,19625,-207,15802,-3542,18696,-1173,7579,-1672,27588,-752,8795,4717,14439,5229,-2300,36473,15877,61133,42805,131119,65071,63981,8625,84820,6133,18730,213,21131,1165,48002,79,64444,-114,15670,-3,47073,135
13:44,-44,3337,-278,19625,-207,15802,-3542,18696,-1173,7579,-1672,27588,-752,8795,4717,14439,5229,-2300,36473,15877,61133,42805,131119,65071,63981,8625,84820,6133,18730,213,21131,1165,48002,79,64444,-114,15670,-3,47073,135
13:45,-44,3407,-271,19832,-207,15772,-3380,18440,-1173,7579,-1810,27823,-765,8795,4958,15103,4626,-2307,36473,16799,61133,42071,131119,63373,63981,8481,84539,6133,18250,199,21131,1373,48027,90,63927,-107,17392,-3,46597,135
13:46,-44,3407,-271,19832,-207,15772,-3380,18440,-1185,8156,-1810,27823,-765,9232,4958,15103,4626,-2307,36571,16799,62454,42071,132472,63373,64055,8481,84539,5958,18250,199,21456,1373,48027,90,63927,-107,17392,-3,46597,135
13:47,-44,3369,-271,19599,-207,15263,-3261,19328,-1174,8122,-1846,27776,-754,9412,4431,14962,4818,-2257,45151,17394,66253,41292,135451,65063,64099,8303,84159,5964,18693,251,21480,1449,48077,90,64080,-89,17891,-4,47062,135
13:48,-44,3369,-271,19599,-207,15263,-3261,19328,-1174,8122,-1846,27776,-754,9412,4431,14962,4818,-2257,45151,17394,66253,41292,135451,65063,64099,8303,84159,5964,18693,251,21480,1449,48077,90,64080,-89,17891,-4,47062,131
13:49,-44,3369,-272,19599,-207,15263,-3261,19328,-1174,8122,-1846,27776,-754,9412,4431,14962,4818,-2257,45151,17394,66253,41292,135451,65063,64099,8303,84159,5964,18693,251,21480,1449,48077,106,64080,-89,17891,-4,47062,131
13:50,-44,3369,-272,19599,-207,15263,-3261,19328,-1174,8122,-1846,27776,-754,9412,4431,14962,4818,-2257,45151,17394,66253,41292,135451,65063,64099,8303,84159,5964,18693,251,21480,1449,48077,106,64080,-89,17891,-4,47062,131
13:51,-44,3507,-272,19464,-203,14809,-3269,19667,-1162,8328,-1896,27900,-739,9678,4748,14695,5144,-2302,40763,15367,65838,40802,136552,65838,64189,8913,84999,5951,18947,225,21314,1360,48352,118,63681,-86,18290,-4,48579,131
13:52,-44,3507,-272,19464,-203,14809,-3269,19667,-1162,8328,-1896,27900,-739,9678,4748,14695,5144,-2302,40763,15367,65838,40802,136552,65838,64189,8913,84999,5951,18947,225,21314,1360,48352,118,63681,-86,18290,-4,48579,131
13:53,-44,3538,-272,19419,-203,15267,-3283,19453,-1177,8190,-1970,28141,-725,9814,5118,14901,5355,-2401,38953,15469,64216,40666,135414,64457,64338,7928,85940,5856,18630,235,21233,1294,48384,121,63742,-99,17447,-4,47569,138
13:54,-44,3538,-272,19419,-203,15267,-3283,19453,-1177,8190,-1970,28141,-725,9814,5118,14901,5355,-2401,38953,15469,64216,40666,135414,64457,64338,7928,85940,5856,18630,235,21233,1294,48384,121,63742,-99,17447,-4,47569,138
13:55,-44,3538,-272,19419,-203,15267,-3283,19453,-1177,8190,-1970,28141,-725,9814,5118,14901,5355,-2401,38953,15469,64216,40666,135414,64457,64338,7928,85940,5856,18630,235,21233,1294,48384,121,63742,-99,17447,-3,47569,138
13:56,-44,3538,-272,19419,-203,15267,-3283,19453,-1177,8190,-1970,28141,-725,9814,5118,14901,5355,-2401,38953,15469,64216,40666,135414,64457,64338,7928,85940,5856,18630,235,21233,1294,48384,121,63742,-99,17447,-3,47569,138
13:57,-44,3594,-272,19344,-203,15424,-3241,18524,-1187,7962,-2206,28584,-732,10101,5025,14279,5240,-2319,39127,15884,64218,40732,137312,64913,64199,7738,86269,5960,16670,240,21786,1350,48085,121,64251,-89,17486,-3,47749,138
13:58,-44,3594,-272,19344,-203,15424,-3241,18524,-1187,7962,-2206,28584,-732,10101,5025,14279,5240,-2319,39127,15884,64218,40732,137312,64913,64199,7738,86269,5960,16670,240,21786,1350,48085,121,64251,-89,17486,-3,47749,138
14:01,-44,3751,-272,18908,-202,15404,-3268,18173,-1187,7544,-1990,28614,-718,10002,5228,14280,5254,-2656,39881,15752,64535,40766,138500,65600,64360,7889,86825,6239,16611,236,21929,1131,48074,126,63778,-89,17702,-3,48074,138
14:03,-44,4997,-256,17628,-204,15413,-3284,18004,-1177,7866,-2048,28645,-744,9996,5461,13619,5265,-3506,38792,14947,63711,40660,138183,65012,63792,7314,87582,5982,16436,268,22354,1144,48053,119,63919,-133,17598,-3,47730,131
14:05,-44,5090,-256,16489,-204,15232,-3197,17998,-1177,9258,-2004,28107,-726,9989,5195,13656,5837,-3398,39577,16826,63330,41718,137487,65563,62944,7420,86913,6073,16169,309,23249,1072,47839,119,63799,-133,17542,-3,48198,131
14:08,-44,5090,-271,16489,-207,15232,-3197,17998,-1187,9258,-2004,28107,-726,9989,5195,13656,5837,-3398,39577,16826,63330,41718,137487,65563,62944,7420,86913,6073,16169,309,23249,1072,47839,125,63799,-143,17542,-4,48198,124
14:14,-44,7765,-273,15490,-207,14838,-3262,17251,-1191,7686,-2352,24577,-899,10789,4023,13408,5247,-3622,36756,16551,60397,42484,139363,65872,65722,6743,86813,5776,16328,-104,22293,1095,47922,165,63128,-161,16606,-4,46589,109
14:15,-44,7907,-249,14833,-207,14842,-3268,17444,-1190,7686,-2430,24905,-909,10789,4093,13608,5247,-3390,36895,17640,59849,43065,139977,66009,66058,6659,86813,6004,16328,-104,22300,1096,48325,165,63128,-161,16372,-5,46759,109
14:16,-44,7717,-249,14278,-213,15259,-3188,17358,-1195,7917,-2420,24870,-895,11270,3809,13049,5204,-3382,36940,18160,60361,43612,140591,66361,65994,6598,86085,6199,16716,-77,22783,1118,48575,165,65835,-158,16257,-5,45476,110
14:17,-44,7717,-249,14278,-213,15259,-3188,17358,-1195,7917,-2420,24870,-895,11270,3809,13049,5204,-3382,36940,18160,60361,43612,140591,66361,65994,6598,86085,6199,16716,-77,22783,1118,48575,165,65835,-158,16257,-5,45476,110
14:20,-43,7717,-249,14278,-213,15006,-3191,16760,-1203,7144,-2420,25840,-917,9168,4844,14951,4763,-2696,35886,18919,58237,43141,139831,67790,65086,6506,86085,6151,15916,-173,23086,1050,48575,167,66257,-158,16257,-5,44807,110
14:21,-43,8656,-249,15662,-214,15006,-3191,16760,-1203,7144,-3050,25840,-917,9168,4844,14951,4763,-2696,35886,18919,58237,43141,139831,67790,65086,6506,84637,6151,15916,-173,23086,1050,48511,163,66257,-148,16185,-5,44807,110
14:22,-43,8656,-249,15662,-214,15006,-3191,16760,-1203,7144,-3050,25840,-917,9168,4844,14951,4763,-2696,35886,18919,58237,43141,139831,67790,65086,6506,84637,6151,15916,-173,23086,1050,48511,163,66257,-148,16185,-5,44807,110
14:23,-43,10509,-253,19592,-214,14692,-3207,15854,-1203,6995,-3206,26044,-922,8558,5666,17430,5474,-1985,35646,19887,57727,44343,139354,68653,64851,6732,84738,6158,15748,-173,23255,1081,48360,163,66275,-148,16590,-3,44850,109
14:24,-43,10509,-253,19592,-214,14692,-3207,15854,-1203,6995,-3206,26044,-922,8558,5666,17430,5474,-1985,35646,19887,57727,44343,139354,68653,64851,6732,84738,6158,15748,-173,23255,1081,48360,163,66275,-148,16590,-3,44850,109
14:25,-44,10509,-253,19592,-216,14692,-3207,15854,-1201,6995,-3206,26044,-922,8558,5666,17430,5474,-1985,35646,19887,57727,44343,139354,68653,64851,6732,84738,6158,15748,-64,23255,1081,48360,179,66275,-142,16590,-4,44850,109
14:26,-44,11273,-278,19395,-223,13358,-3227,15062,-1209,5543,-3523,25584,-935,10077,4854,15326,4461,-2394,34186,20272,56469,43936,138341,68629,64545,6682,84284,6197,15600,-46,23836,1087,48133,186,65547,-95,16258,-4,45162,106
14:27,-44,11273,-278,19395,-223,13358,-3227,15062,-1209,5543,-3523,25584,-935,10077,4854,15326,4461,-2394,34186,20272,56469,43936,138341,68629,64545,6682,84284,6197,15600,-46,23836,1087,48133,186,65547,-95,16258,-4,45162,106
14:28,-44,11273,-278,19395,-223,13358,-3227,15062,-1209,5543,-3523,25584,-935,10077,4854,15326,4461,-2394,34186,20272,56469,43936,138341,68629,64545,6682,84284,6197,15600,-46,23836,1087,48133,186,65547,-95,16258,-4,45162,106
14:29,-272,19331,-223,13067,-3265,15195,-1208,6042,-3568,25181,-899,10416,4319,15112,4413,-1472,33972,21464,55822,44183,136295,70130,63134,7279,83848,6367,15500,-89,23745,1077,48030,186,65910,-92,17068,-4,45096,106,11420,145
14:31,-45,13406,-272,19331,-223,13067,-3265,15195,-1208,6042,-3568,25181,-899,10416,4319,15112,4413,-1472,33972,21464,55822,44183,136295,70130,63134,7279,83848,6367,15500,-89,23745,1077,48030,189,65910,-92,17068,-4,45096,97
14:31,-45,13406,-272,19331,-223,13067,-3265,15195,-1208,6042,-3568,25181,-899,10416,4319,15112,4413,-1472,33972,21464,55822,44183,136295,70130,63134,7279,83848,6367,15500,-89,23745,1077,48030,189,65910,-92,17068,-4,45096,97
14:32,-45,13406,-272,19331,-223,13067,-3265,15195,-1208,6042,-3568,25181,-899,10416,4319,15112,4413,-1472,33972,21464,55822,44183,136295,70130,63134,7279,83848,6367,15500,-89,23745,1077,48030,189,65910,-92,17068,-4,45096,97
14:34,-45,13279,-278,18727,-225,12756,-3223,15236,-1204,6698,-3584,25575,-880,10288,4657,15365,4396,-1023,33593,21540,55514,44538,136040,70490,63348,6999,84199,6477,15470,-66,23831,1044,47726,188,66035,-83,15349,-5,45213,96
14:35,-45,13279,-278,18727,-225,12756,-3223,15236,-1204,6698,-3584,25575,-880,10288,4657,15365,4396,-1023,33593,21540,55514,44538,136040,70490,63348,6999,84199,6477,15470,-66,23831,1044,47726,188,66035,-83,15349,-5,45213,96
14:36,-271,18744,-225,12451,-3442,13306,-1232,5597,-3797,26819,-946,10465,3987,15977,3816,-1402,31317,22284,52240,44664,132062,69918,61744,7176,81953,6386,15429,151,24531,1225,48454,177,65652,-79,15129,-5,44404,97,10593,144
14:37,-271,18744,-225,12451,-3442,13306,-1232,5597,-3797,26819,-946,10465,3987,15977,3816,-1402,31317,22284,52240,44664,132062,69918,61744,7176,81953,6386,15429,151,24531,1225,48454,177,65652,-79,15129,-5,44404,97,10593,144
14:38,-271,18744,-225,12451,-3442,13306,-1232,5597,-3797,26819,-946,10465,3987,15977,3816,-1402,31317,22284,52240,44664,132062,69918,61744,7176,81953,6386,15429,151,24531,1225,48454,177,65652,-79,15129,-5,44404,97,10593,144
14:40,-241,18335,-225,11393,-3672,12442,-1248,3490,-3814,28201,-951,10507,3919,14710,3377,-1544,29087,17938,52124,56799,130416,69775,61521,7462,80468,6427,16780,41,24481,1396,48175,188,65129,-72,15209,-6,44958,96,10695,144
14:42,-237,18308,-228,10757,-3955,12980,-1263,1717,-3884,29650,-949,10796,3417,15992,3406,-1412,28402,17604,51415,58432,127796,70431,61022,7746,80927,6362,18113,447,24563,1463,48273,200,64993,-79,15327,-6,44647,95,10394,143
14:45,-235,18335,-233,10198,-4090,13756,-1263,1673,-3973,28854,-1003,10863,3635,14900,3052,-636,27296,18718,51049,58404,125890,68584,61753,7805,79399,6154,18239,218,24747,1431,48094,201,65405,11,15313,-7,44362,94,10343,143
14:47,-235,18015,-233,10198,-4090,13756,-1263,1673,-3973,28854,-1003,10863,3635,14900,3052,-636,27296,18718,51049,58404,125890,68584,61753,7805,79399,6154,18239,218,24747,1431,48094,201,65405,11,14882,-7,44362,94,10343,143
15:59,-461,12479,-295,20863,-5695,15759,-1411,11014,-6072,26262,-1412,16363,-11245,11393,-3371,-11536,-9156,3439,9588,47593,47748,57650,38501,4849,47028,-954,17249,-183,40406,1750,47802,-99,58763,-126,9883,-75,27023,17,6954,82
16:00,-461,12479,-295,20863,-5695,15759,-1411,11014,-6072,26262,-1412,16363,-11245,11393,-3371,-11536,-9156,3439,9588,47593,47748,57650,38501,4849,47028,-954,17249,-183,40406,1750,47802,-99,58763,-126,9883,-75,27023,17,6954,82
16:01,-461,12479,-295,20863,-5695,15759,-1411,11014,-6072,26262,-1412,16363,-11245,11393,-3371,-11536,-9156,3439,9588,47593,47748,57650,38501,4849,47028,-954,17249,-183,40406,1750,47802,-99,58763,-126,9883,-75,27023,17,6954,82